PC1,PC2,PC3,label,names
22.088936,-1.2765943,-0.7214782,0,Speaker30_001.wav
21.886816,-2.5977185,-8.190839,0,Speaker30_002.wav
19.601528,6.51962,8.877645,0,Speaker30_003.wav
-19.186054,18.06009,-5.9595604,2,Speaker0040_000.wav
-14.640024,-12.998436,-3.5355334,1,Speaker0040_001.wav
-14.557054,-5.707594,-0.17522024,1,Speaker0040_002.wav
-15.194137,-1.9993632,9.704981,1,Speaker0040_003.wav
