Dim1,Dim2,label,names
4.2475185,2.0159562,0,Speaker30_001.wav
5.191306,1.9423022,0,Speaker30_002.wav
4.5694227,1.1167985,0,Speaker30_003.wav
7.4492283,1.9689496,2,Speaker0040_000.wav
6.607878,2.821181,1,Speaker0040_001.wav
7.6821322,2.8845572,1,Speaker0040_002.wav
6.8782063,1.2278813,2,Speaker0040_003.wav
